INSERT INTO USERS (USER_ID, USER_NAME, USER_EMAIL)
VALUES (0, 'Dima Skroba', 'Dima.Skroba@gnail.com'),
       (1, 'Dima Demidova', 'Dima.Demidova@gnail.com'),
       (2, 'Dima Yaroshevsky', 'Dima.Yaroshevsky@gnail.com'),
       (3, 'Dima Yumanov', 'Dima.Yumanov@gnail.com'),
       (4, 'Dima Martunov', 'Dima.Martunov@gnail.com'),
       (5, 'Pavel Skroba', 'Pavel.Skroba@gnail.com'),
       (6, 'Pavel Demidova', 'Pavel.Demidova@gnail.com'),
       (7, 'Pavel Yaroshevsky', 'Pavel.Yaroshevsky@gnail.com'),
       (8, 'Pavel Yumanov', 'Pavel.Yumanov@gnail.com'),
       (9, 'Pavel Martunov', 'Pavel.Martunov@gnail.com'),
       (10, 'Nastya Skroba', 'Nastya.Skroba@gnail.com'),
       (11, 'Nastya Demidova', 'Nastya.Demidova@gnail.com'),
       (12, 'Nastya Yaroshevsky', 'Nastya.Yaroshevsky@gnail.com'),
       (13, 'Nastya Yumanov', 'Nastya.Yumanov@gnail.com'),
       (14, 'Nastya Martunov', 'Nastya.Martunov@gnail.com'),
       (15, 'Egor Skroba', 'Egor.Skroba@gnail.com'),
       (16, 'Egor Demidova', 'Egor.Demidova@gnail.com'),
       (17, 'Egor Yaroshevsky', 'Egor.Yaroshevsky@gnail.com'),
       (18, 'Egor Yumanov', 'Egor.Yumanov@gnail.com'),
       (19, 'Egor Martunov', 'Egor.Martunov@gnail.com'),
       (20, 'Artem Skroba', 'Artem.Skroba@gnail.com'),
       (21, 'Artem Demidova', 'Artem.Demidova@gnail.com'),
       (22, 'Artem Yaroshevsky', 'Artem.Yaroshevsky@gnail.com'),
       (23, 'Artem Yumanov', 'Artem.Yumanov@gnail.com'),
       (24, 'Artem Martunov', 'Artem.Martunov@gnail.com'),
       (25, 'Pasha Skroba', 'Pasha.Skroba@gnail.com'),
       (26, 'Pasha Demidova', 'Pasha.Demidova@gnail.com'),
       (27, 'Pasha Yaroshevsky', 'Pasha.Yaroshevsky@gnail.com'),
       (28, 'Pasha Yumanov', 'Pasha.Yumanov@gnail.com'),
       (29, 'Pasha Martunov', 'Pasha.Martunov@gnail.com'),
       (30, 'Julya Skroba', 'Julya.Skroba@gnail.com'),
       (31, 'Julya Demidova', 'Julya.Demidova@gnail.com'),
       (32, 'Julya Yaroshevsky', 'Julya.Yaroshevsky@gnail.com'),
       (33, 'Julya Yumanov', 'Julya.Yumanov@gnail.com'),
       (34, 'Julya Martunov', 'Julya.Martunov@gnail.com');

INSERT INTO GROUPS (GROUP_ID, GROUP_NAME, DESCRIPTION)
VALUES (0, 'поездка на дачу',
        'Этот поездка на дачу был прекрасным и незабываемым'),
       (1, 'поездка в горы',
        'Этот поездка в горы был прекрасным и незабываемым'),
       (2, 'поход на дачу', 'Этот поход на дачу был прекрасным и незабываемым'),
       (3, 'поход в горы', 'Этот поход в горы был прекрасным и незабываемым'),
       (4, 'выезд на дачу', 'Этот выезд на дачу был прекрасным и незабываемым'),
       (5, 'выезд в горы', 'Этот выезд в горы был прекрасным и незабываемым');

INSERT INTO GROUP_PARTICIPANTS (GROUP_ID, USER_ID)
VALUES (0, 13),
       (0, 24),
       (0, 3),
       (0, 8),
       (0, 5),
       (1, 13),
       (1, 31),
       (1, 27),
       (1, 1),
       (1, 24),
       (2, 31),
       (2, 14),
       (3, 12),
       (3, 14),
       (3, 28),
       (3, 11),
       (3, 17),
       (3, 16),
       (4, 25),
       (4, 4),
       (4, 31),
       (5, 0),
       (5, 7),
       (5, 16),
       (5, 27);

INSERT INTO GROUP_INVITATIONS (GROUP_ID, SENDER, RECEIVER) VALUES
                                                               (0, 5, 27),
                                                               (0, 8, 22),
                                                               (0, 24, 1),
                                                               (1, 31, 26),
                                                               (1, 13, 12),
                                                               (2, 14, 1),
                                                               (3, 12, 33),
                                                               (3, 16, 26),
                                                               (3, 14, 0),
                                                               (4, 25, 27),
                                                               (5, 0, 3),
                                                               (5, 0, 24),
                                                               (5, 0, 6);

INSERT INTO PAYMENTS (PAYMENT_ID, COMMENT, AMOUNT, SENDER, RECEIVER, GROUP_ID) VALUES (0, 'За то самое', 296, 14, 31, 2),
                                                                                      (1, 'За то самое', 2, 5, 24, 0),
                                                                                      (2, 'За то самое', 147, 31, 25, 4),
                                                                                      (3, 'За то самое', 50, 1, 13, 1),
                                                                                      (4, 'За то самое', 115, 17, 14, 3),
                                                                                      (5, 'За то самое', 25, 31, 4, 4),
                                                                                      (6, 'За то самое', 114, 5, 8, 0),
                                                                                      (7, 'За то самое', 286, 31, 4, 4),
                                                                                      (8, 'За то самое', 128, 12, 28, 3),
                                                                                      (9, 'За то самое', 176, 27, 0, 5),
                                                                                      (10, 'За то самое', 279, 12, 16, 3),
                                                                                      (11, 'За то самое', 314, 0, 7, 5),
                                                                                      (12, 'За то самое', 307, 24, 1, 1),
                                                                                      (13, 'За то самое', 118, 14, 31, 2),
                                                                                      (14, 'За то самое', 301, 12, 16, 3),
                                                                                      (15, 'За то самое', 188, 3, 13, 0);

INSERT INTO EXPENSES (EXPENSE_ID, EXPENSE_NAME, GROUP_ID, PAYER) VALUES (0, 'Отель', 5, 0),
                                                                        (1, 'Вино и сыр', 4, 4),
                                                                        (2, 'Билеты', 3, 11),
                                                                        (3, 'Вино и сыр', 3, 12),
                                                                        (4, 'Билеты', 4, 31),
                                                                        (5, 'Билеты', 1, 31),
                                                                        (6, 'Билеты', 5, 0),
                                                                        (7, 'Билеты', 1, 27),
                                                                        (8, 'Билеты', 2, 14),
                                                                        (9, 'Билеты', 4, 4),
                                                                        (10, 'Отель', 5, 16),
                                                                        (11, 'Билеты', 3, 28),
                                                                        (12, 'Отель', 1, 13),
                                                                        (13, 'Вино и сыр', 1, 24),
                                                                        (14, 'Отель', 4, 31),
                                                                        (15, 'Вино и сыр', 3, 28),
                                                                        (16, 'Билеты', 1, 24),
                                                                        (17, 'Отель', 3, 14),
                                                                        (18, 'Вино и сыр', 1, 13);

INSERT INTO EXPENSES_PARTITIONS (USER_ID, AMOUNT,  EXPENSE_ID) VALUES (16, 125, 0),
                                                                      (27, 111, 0),
                                                                      (25, 133, 1),
                                                                      (31, 294, 1),
                                                                      (16, 108, 2),
                                                                      (12, 185, 2),
                                                                      (28, 278, 2),
                                                                      (14, 232, 2),
                                                                      (17, 140, 3),
                                                                      (28, 152, 3),
                                                                      (4, 222, 4),
                                                                      (25, 101, 4),
                                                                      (24, 232, 5),
                                                                      (13, 128, 5),
                                                                      (1, 134, 5),
                                                                      (27, 103, 5),
                                                                      (27, 217, 6),
                                                                      (1, 260, 7),
                                                                      (13, 232, 7),
                                                                      (31, 140, 8),
                                                                      (31, 248, 9),
                                                                      (27, 207, 10),
                                                                      (17, 130, 11),
                                                                      (31, 125, 12),
                                                                      (13, 273, 13),
                                                                      (31, 238, 13),
                                                                      (27, 121, 13),
                                                                      (25, 198, 14),
                                                                      (4, 137, 14),
                                                                      (11, 153, 15),
                                                                      (14, 218, 15),
                                                                      (12, 291, 15),
                                                                      (16, 127, 15),
                                                                      (1, 136, 16),
                                                                      (13, 219, 16),
                                                                      (31, 223, 16),
                                                                      (17, 191, 17),
                                                                      (28, 210, 17),
                                                                      (12, 227, 17),
                                                                      (11, 163, 17),
                                                                      (27, 253, 18),
                                                                      (31, 197, 18),
                                                                      (1, 274, 18);