insert into Planes (PlaneId)
values (0),
       (1),
       (2),
       (3);

insert into flights (flightid, flighttime, planeid)
values (0, now() + interval '0 days', 0),
       (1, now() + interval '0 days', 1),
       (2, now() + interval '0 days', 2),
       (3, now() + interval '0 days', 3),
       (4, now() + interval '1 days', 0),
       (5, now() + interval '1 days', 1),
       (6, now() + interval '1 days', 2),
       (7, now() + interval '1 days', 3),
       (8, now() + interval '2 days', 0),
       (9, now() + interval '2 days', 1),
       (10, now() + interval '2 days', 2),
       (11, now() + interval '2 days', 3),
       (12, now() + interval '3 days', 0),
       (13, now() + interval '3 days', 1),
       (14, now() + interval '3 days', 2),
       (15, now() + interval '3 days', 3),
       (16, now() + interval '4 days', 0),
       (17, now() + interval '4 days', 1),
       (18, now() + interval '4 days', 2),
       (19, now() + interval '4 days', 3),
       (20, now() + interval '5 days', 0),
       (21, now() + interval '5 days', 1),
       (22, now() + interval '5 days', 2),
       (23, now() + interval '5 days', 3),
       (24, now() + interval '6 days', 0),
       (25, now() + interval '6 days', 1),
       (26, now() + interval '6 days', 2),
       (27, now() + interval '6 days', 3);

insert into Seats (PLANEID, SEATNO)
values (0, '0A'),
       (0, '0B'),
       (0, '0C'),
       (0, '0D'),
       (0, '0E'),
       (0, '0F'),
       (0, '1A'),
       (0, '1B'),
       (0, '1C'),
       (0, '1D'),
       (0, '1E'),
       (0, '1F'),
       (0, '2A'),
       (0, '2B'),
       (0, '2C'),
       (0, '2D'),
       (0, '2E'),
       (0, '2F'),
       (0, '3A'),
       (0, '3B'),
       (0, '3C'),
       (0, '3D'),
       (0, '3E'),
       (0, '3F'),
       (0, '4A'),
       (0, '4B'),
       (0, '4C'),
       (0, '4D'),
       (0, '4E'),
       (0, '4F'),
       (1, '0A'),
       (1, '0B'),
       (1, '0C'),
       (1, '0D'),
       (1, '0E'),
       (1, '0F'),
       (1, '1A'),
       (1, '1B'),
       (1, '1C'),
       (1, '1D'),
       (1, '1E'),
       (1, '1F'),
       (1, '2A'),
       (1, '2B'),
       (1, '2C'),
       (1, '2D'),
       (1, '2E'),
       (1, '2F'),
       (1, '3A'),
       (1, '3B'),
       (1, '3C'),
       (1, '3D'),
       (1, '3E'),
       (1, '3F'),
       (1, '4A'),
       (1, '4B'),
       (1, '4C'),
       (1, '4D'),
       (1, '4E'),
       (1, '4F'),
       (1, '5A'),
       (1, '5B'),
       (1, '5C'),
       (1, '5D'),
       (1, '5E'),
       (1, '5F'),
       (1, '6A'),
       (1, '6B'),
       (1, '6C'),
       (1, '6D'),
       (1, '6E'),
       (1, '6F'),
       (1, '7A'),
       (1, '7B'),
       (1, '7C'),
       (1, '7D'),
       (1, '7E'),
       (1, '7F'),
       (1, '8A'),
       (1, '8B'),
       (1, '8C'),
       (1, '8D'),
       (1, '8E'),
       (1, '8F'),
       (2, '0A'),
       (2, '0B'),
       (2, '0C'),
       (2, '0D'),
       (2, '0E'),
       (2, '0F'),
       (2, '1A'),
       (2, '1B'),
       (2, '1C'),
       (2, '1D'),
       (2, '1E'),
       (2, '1F'),
       (2, '2A'),
       (2, '2B'),
       (2, '2C'),
       (2, '2D'),
       (2, '2E'),
       (2, '2F'),
       (2, '3A'),
       (2, '3B'),
       (2, '3C'),
       (2, '3D'),
       (2, '3E'),
       (2, '3F'),
       (2, '4A'),
       (2, '4B'),
       (2, '4C'),
       (2, '4D'),
       (2, '4E'),
       (2, '4F'),
       (2, '5A'),
       (2, '5B'),
       (2, '5C'),
       (2, '5D'),
       (2, '5E'),
       (2, '5F'),
       (2, '6A'),
       (2, '6B'),
       (2, '6C'),
       (2, '6D'),
       (2, '6E'),
       (2, '6F'),
       (2, '7A'),
       (2, '7B'),
       (2, '7C'),
       (2, '7D'),
       (2, '7E'),
       (2, '7F'),
       (2, '8A'),
       (2, '8B'),
       (2, '8C'),
       (2, '8D'),
       (2, '8E'),
       (2, '8F'),
       (2, '9A'),
       (2, '9B'),
       (2, '9C'),
       (2, '9D'),
       (2, '9E'),
       (2, '9F'),
       (3, '0A'),
       (3, '0B'),
       (3, '0C'),
       (3, '0D'),
       (3, '0E'),
       (3, '0F'),
       (3, '1A'),
       (3, '1B'),
       (3, '1C'),
       (3, '1D'),
       (3, '1E'),
       (3, '1F'),
       (3, '2A'),
       (3, '2B'),
       (3, '2C'),
       (3, '2D'),
       (3, '2E'),
       (3, '2F'),
       (3, '3A'),
       (3, '3B'),
       (3, '3C'),
       (3, '3D'),
       (3, '3E'),
       (3, '3F'),
       (3, '4A'),
       (3, '4B'),
       (3, '4C'),
       (3, '4D'),
       (3, '4E'),
       (3, '4F'),
       (3, '5A'),
       (3, '5B'),
       (3, '5C'),
       (3, '5D'),
       (3, '5E'),
       (3, '5F'),
       (3, '6A'),
       (3, '6B'),
       (3, '6C'),
       (3, '6D'),
       (3, '6E'),
       (3, '6F');

insert into bookings values (flightid, seatno, bookingstate, )
